Game	1						
Team A	TAITO STATION Tradz						
Team B	ROUND1						
DDR	試合形式	テーマ	レベル	選手A	選手B	選手A2	選手B2
1st	シングルバトル	CLASSIC STANDARD	13-14	MOO-G.56	$RYO$		
2nd	シングルバトル	CLASSIC TRICKY	16-17	FEFEMZ	ZERO.		
3rd	タッグバトル	WHITE TRICKY	15-16	THOR	O4MA.	YOSHIMIZ	HO4-KETI
SDVX	試合形式	テーマ	レベル	選手A	選手B	選手A2	選手B2
1st	メガミックスバトル	区分1	17-18.4	WANIROU	XD*POTE.		
2nd	タッグバトル	HAND-TRIP	17-17.5	KN5	DPE	350B1	REIK
3rd	シングルバトル	TREND	18.0-18.4	MURAKAMI	BOLL		
IIDX	試合形式	テーマ	レベル	選手A	選手B		
1st	シングルバトル	NOTES	8-10	PAYA	CYBERX		
2nd	シングルバトル	CHORD	11	UTSUHO	TAKWAN		
3rd	シングルバトル	SCRATCH	11	INARI	U*TAKA		
4th	シングルバトル	TREND	12	SEIRYU	LEO		